Workbook

Sheet Monthly Tracker
A1: Year | B1: Month | C1: Planned EMI | D1: Actual EMI | E1: Extra EMI | F1: SIP | G1: Prepayment | H1: Status
A2: 2026 | B2: Jan | C2: 29999 | F2: 5000
A3: 2026 | B3: Feb | C3: 29999 | F3: 5000
A4: 2026 | B4: Mar | C4: 29999 | F4: 5000
A5: 2026 | B5: Apr | C5: 29999 | F5: 5000
A6: 2026 | B6: May | C6: 29999 | F6: 5000
A7: 2026 | B7: Jun | C7: 29999 | F7: 5000
A8: 2026 | B8: Jul | C8: 29999 | F8: 5000
A9: 2026 | B9: Aug | C9: 29999 | F9: 5000
A10: 2026 | B10: Sep | C10: 29999 | F10: 5000
A11: 2026 | B11: Oct | C11: 29999 | F11: 5000
A12: 2026 | B12: Nov | C12: 29999 | F12: 5000
A13: 2026 | B13: Dec | C13: 29999 | F13: 5000
... A145: 2037 | B145: Dec | C145: 29999 | F145: 5000

Sheet Loan Tracker
A1: Month | B1: Opening Balance | C1: EMI | D1: Prepayment | E1: Interest | F1: Principal | G1: Closing Balance
B2: 3500000 | C2: 29999 | D2: ='Monthly Tracker'!G2 | E2: =B2*0.007 | F2: =C2-E2+D2 | G2: =B2-F2
B3: =G2 | C3: 29999 | D3: ='Monthly Tracker'!G3 | E3: =B3*0.007 | F3: =C3-E3+D3 | G3: =B3-F3
B4: =G3 | C4: 29999 | D4: ='Monthly Tracker'!G4 | E4: =B4*0.007 | F4: =C4-E4+D4 | G4: =B4-F4
B5: =G4 | C5: 29999 | D5: ='Monthly Tracker'!G5 | E5: =B5*0.007 | F5: =C5-E5+D5 | G5: =B5-F5
B6: =G5 | C6: 29999 | D6: ='Monthly Tracker'!G6 | E6: =B6*0.007 | F6: =C6-E6+D6 | G6: =B6-F6
B7: =G6 | C7: 29999 | D7: ='Monthly Tracker'!G7 | E7: =B7*0.007 | F7: =C7-E7+D7 | G7: =B7-F7
B8: =G7 | C8: 29999 | D8: ='Monthly Tracker'!G8 | E8: =B8*0.007 | F8: =C8-E8+D8 | G8: =B8-F8
B9: =G8 | C9: 29999 | D9: ='Monthly Tracker'!G9 | E9: =B9*0.007 | F9: =C9-E9+D9 | G9: =B9-F9
B10: =G9 | C10: 29999 | D10: ='Monthly Tracker'!G10 | E10: =B10*0.007 | F10: =C10-E10+D10 | G10: =B10-F10
B11: =G10 | C11: 29999 | D11: ='Monthly Tracker'!G11 | E11: =B11*0.007 | F11: =C11-E11+D11 | G11: =B11-F11
B12: =G11 | C12: 29999 | D12: ='Monthly Tracker'!G12 | E12: =B12*0.007 | F12: =C12-E12+D12 | G12: =B12-F12
B13: =G12 | C13: 29999 | D13: ='Monthly Tracker'!G13 | E13: =B13*0.007 | F13: =C13-E13+D13 | G13: =B13-F13
B14: =G13 | C14: 29999 | D14: ='Monthly Tracker'!G14 | E14: =B14*0.007 | F14: =C14-E14+D14 | G14: =B14-F14
... B199: =G198 | C199: 29999 | D199: ='Monthly Tracker'!G199 | E199: =B199*0.007 | F199: =C199-E199+D199 | G199: =B199-F199

Sheet SIP Growth
A1: Month | B1: SIP | C1: Total Invested | D1: Value
A2: 1 | B2: ='Monthly Tracker'!F2 | C2: =SUM(B2:B2) | D2: =B2*(1+0.01)^1
A3: 2 | B3: ='Monthly Tracker'!F3 | C3: =SUM(B2:B3) | D3: =B3*(1+0.01)^2
A4: 3 | B4: ='Monthly Tracker'!F4 | C4: =SUM(B2:B4) | D4: =B4*(1+0.01)^3
A5: 4 | B5: ='Monthly Tracker'!F5 | C5: =SUM(B2:B5) | D5: =B5*(1+0.01)^4
A6: 5 | B6: ='Monthly Tracker'!F6 | C6: =SUM(B2:B6) | D6: =B6*(1+0.01)^5
A7: 6 | B7: ='Monthly Tracker'!F7 | C7: =SUM(B2:B7) | D7: =B7*(1+0.01)^6
A8: 7 | B8: ='Monthly Tracker'!F8 | C8: =SUM(B2:B8) | D8: =B8*(1+0.01)^7
A9: 8 | B9: ='Monthly Tracker'!F9 | C9: =SUM(B2:B9) | D9: =B9*(1+0.01)^8
A10: 9 | B10: ='Monthly Tracker'!F10 | C10: =SUM(B2:B10) | D10: =B10*(1+0.01)^9
A11: 10 | B11: ='Monthly Tracker'!F11 | C11: =SUM(B2:B11) | D11: =B11*(1+0.01)^10
A12: 11 | B12: ='Monthly Tracker'!F12 | C12: =SUM(B2:B12) | D12: =B12*(1+0.01)^11
A13: 12 | B13: ='Monthly Tracker'!F13 | C13: =SUM(B2:B13) | D13: =B13*(1+0.01)^12
A14: 13 | B14: ='Monthly Tracker'!F14 | C14: =SUM(B2:B14) | D14: =B14*(1+0.01)^13
A15: 14 | B15: ='Monthly Tracker'!F15 | C15: =SUM(B2:B15) | D15: =B15*(1+0.01)^14
A16: 15 | B16: ='Monthly Tracker'!F16 | C16: =SUM(B2:B16) | D16: =B16*(1+0.01)^15
A17: 16 | B17: ='Monthly Tracker'!F17 | C17: =SUM(B2:B17) | D17: =B17*(1+0.01)^16
A18: 17 | B18: ='Monthly Tracker'!F18 | C18: =SUM(B2:B18) | D18: =B18*(1+0.01)^17
A19: 18 | B19: ='Monthly Tracker'!F19 | C19: =SUM(B2:B19) | D19: =B19*(1+0.01)^18
A20: 19 | B20: ='Monthly Tracker'!F20 | C20: =SUM(B2:B20) | D20: =B20*(1+0.01)^19
A21: 20 | B21: ='Monthly Tracker'!F21 | C21: =SUM(B2:B21) | D21: =B21*(1+0.01)^20
A22: 21 | B22: ='Monthly Tracker'!F22 | C22: =SUM(B2:B22) | D22: =B22*(1+0.01)^21
A23: 22 | B23: ='Monthly Tracker'!F23 | C23: =SUM(B2:B23) | D23: =B23*(1+0.01)^22
A24: 23 | B24: ='Monthly Tracker'!F24 | C24: =SUM(B2:B24) | D24: =B24*(1+0.01)^23
A25: 24 | B25: ='Monthly Tracker'!F25 | C25: =SUM(B2:B25) | D25: =B25*(1+0.01)^24
A26: 25 | B26: ='Monthly Tracker'!F26 | C26: =SUM(B2:B26) | D26: =B26*(1+0.01)^25
A27: 26 | B27: ='Monthly Tracker'!F27 | C27: =SUM(B2:B27) | D27: =B27*(1+0.01)^26
A28: 27 | B28: ='Monthly Tracker'!F28 | C28: =SUM(B2:B28) | D28: =B28*(1+0.01)^27
A29: 28 | B29: ='Monthly Tracker'!F29 | C29: =SUM(B2:B29) | D29: =B29*(1+0.01)^28
A30: 29 | B30: ='Monthly Tracker'!F30 | C30: =SUM(B2:B30) | D30: =B30*(1+0.01)^29
A31: 30 | B31: ='Monthly Tracker'!F31 | C31: =SUM(B2:B31) | D31: =B31*(1+0.01)^30
A32: 31 | B32: ='Monthly Tracker'!F32 | C32: =SUM(B2:B32) | D32: =B32*(1+0.01)^31
A33: 32 | B33: ='Monthly Tracker'!F33 | C33: =SUM(B2:B33) | D33: =B33*(1+0.01)^32
A34: 33 | B34: ='Monthly Tracker'!F34 | C34: =SUM(B2:B34) | D34: =B34*(1+0.01)^33
A35: 34 | B35: ='Monthly Tracker'!F35 | C35: =SUM(B2:B35) | D35: =B35*(1+0.01)^34
A36: 35 | B36: ='Monthly Tracker'!F36 | C36: =SUM(B2:B36) | D36: =B36*(1+0.01)^35
A37: 36 | B37: ='Monthly Tracker'!F37 | C37: =SUM(B2:B37) | D37: =B37*(1+0.01)^36
A38: 37 | B38: ='Monthly Tracker'!F38 | C38: =SUM(B2:B38) | D38: =B38*(1+0.01)^37
A39: 38 | B39: ='Monthly Tracker'!F39 | C39: =SUM(B2:B39) | D39: =B39*(1+0.01)^38
A40: 39 | B40: ='Monthly Tracker'!F40 | C40: =SUM(B2:B40) | D40: =B40*(1+0.01)^39
A41: 40 | B41: ='Monthly Tracker'!F41 | C41: =SUM(B2:B41) | D41: =B41*(1+0.01)^40
A42: 41 | B42: ='Monthly Tracker'!F42 | C42: =SUM(B2:B42) | D42: =B42*(1+0.01)^41
A43: 42 | B43: ='Monthly Tracker'!F43 | C43: =SUM(B2:B43) | D43: =B43*(1+0.01)^42
A44: 43 | B44: ='Monthly Tracker'!F44 | C44: =SUM(B2:B44) | D44: =B44*(1+0.01)^43
A45: 44 | B45: ='Monthly Tracker'!F45 | C45: =SUM(B2:B45) | D45: =B45*(1+0.01)^44
A46: 45 | B46: ='Monthly Tracker'!F46 | C46: =SUM(B2:B46) | D46: =B46*(1+0.01)^45
A47: 46 | B47: ='Monthly Tracker'!F47 | C47: =SUM(B2:B47) | D47: =B47*(1+0.01)^46
A48: 47 | B48: ='Monthly Tracker'!F48 | C48: =SUM(B2:B48) | D48: =B48*(1+0.01)^47
A49: 48 | B49: ='Monthly Tracker'!F49 | C49: =SUM(B2:B49) | D49: =B49*(1+0.01)^48
A50: 49 | B50: ='Monthly Tracker'!F50 | C50: =SUM(B2:B50) | D50: =B50*(1+0.01)^49
A51: 50 | B51: ='Monthly Tracker'!F51 | C51: =SUM(B2:B51) | D51: =B51*(1+0.01)^50
A52: 51 | B52: ='Monthly Tracker'!F52 | C52: =SUM(B2:B52) | D52: =B52*(1+0.01)^51
A53: 52 | B53: ='Monthly Tracker'!F53 | C53: =SUM(B2:B53) | D53: =B53*(1+0.01)^52
A54: 53 | B54: ='Monthly Tracker'!F54 | C54: =SUM(B2:B54) | D54: =B54*(1+0.01)^53
A55: 54 | B55: ='Monthly Tracker'!F55 | C55: =SUM(B2:B55) | D55: =B55*(1+0.01)^54
A56: 55 | B56: ='Monthly Tracker'!F56 | C56: =SUM(B2:B56) | D56: =B56*(1+0.01)^55
A57: 56 | B57: ='Monthly Tracker'!F57 | C57: =SUM(B2:B57) | D57: =B57*(1+0.01)^56
A58: 57 | B58: ='Monthly Tracker'!F58 | C58: =SUM(B2:B58) | D58: =B58*(1+0.01)^57
A59: 58 | B59: ='Monthly Tracker'!F59 | C59: =SUM(B2:B59) | D59: =B59*(1+0.01)^58
A60: 59 | B60: ='Monthly Tracker'!F60 | C60: =SUM(B2:B60) | D60: =B60*(1+0.01)^59
A61: 60 | B61: ='Monthly Tracker'!F61 | C61: =SUM(B2:B61) | D61: =B61*(1+0.01)^60
A62: 61 | B62: ='Monthly Tracker'!F62 | C62: =SUM(B2:B62) | D62: =B62*(1+0.01)^61
A63: 62 | B63: ='Monthly Tracker'!F63 | C63: =SUM(B2:B63) | D63: =B63*(1+0.01)^62
A64: 63 | B64: ='Monthly Tracker'!F64 | C64: =SUM(B2:B64) | D64: =B64*(1+0.01)^63
A65: 64 | B65: ='Monthly Tracker'!F65 | C65: =SUM(B2:B65) | D65: =B65*(1+0.01)^64
A66: 65 | B66: ='Monthly Tracker'!F66 | C66: =SUM(B2:B66) | D66: =B66*(1+0.01)^65
A67: 66 | B67: ='Monthly Tracker'!F67 | C67: =SUM(B2:B67) | D67: =B67*(1+0.01)^66
A68: 67 | B68: ='Monthly Tracker'!F68 | C68: =SUM(B2:B68) | D68: =B68*(1+0.01)^67
A69: 68 | B69: ='Monthly Tracker'!F69 | C69: =SUM(B2:B69) | D69: =B69*(1+0.01)^68
A70: 69 | B70: ='Monthly Tracker'!F70 | C70: =SUM(B2:B70) | D70: =B70*(1+0.01)^69
A71: 70 | B71: ='Monthly Tracker'!F71 | C71: =SUM(B2:B71) | D71: =B71*(1+0.01)^70
A72: 71 | B72: ='Monthly Tracker'!F72 | C72: =SUM(B2:B72) | D72: =B72*(1+0.01)^71
A73: 72 | B73: ='Monthly Tracker'!F73 | C73: =SUM(B2:B73) | D73: =B73*(1+0.01)^72
A74: 73 | B74: ='Monthly Tracker'!F74 | C74: =SUM(B2:B74) | D74: =B74*(1+0.01)^73
A75: 74 | B75: ='Monthly Tracker'!F75 | C75: =SUM(B2:B75) | D75: =B75*(1+0.01)^74
A76: 75 | B76: ='Monthly Tracker'!F76 | C76: =SUM(B2:B76) | D76: =B76*(1+0.01)^75
A77: 76 | B77: ='Monthly Tracker'!F77 | C77: =SUM(B2:B77) | D77: =B77*(1+0.01)^76
A78: 77 | B78: ='Monthly Tracker'!F78 | C78: =SUM(B2:B78) | D78: =B78*(1+0.01)^77
A79: 78 | B79: ='Monthly Tracker'!F79 | C79: =SUM(B2:B79) | D79: =B79*(1+0.01)^78
A80: 79 | B80: ='Monthly Tracker'!F80 | C80: =SUM(B2:B80) | D80: =B80*(1+0.01)^79
A81: 80 | B81: ='Monthly Tracker'!F81 | C81: =SUM(B2:B81) | D81: =B81*(1+0.01)^80
A82: 81 | B82: ='Monthly Tracker'!F82 | C82: =SUM(B2:B82) | D82: =B82*(1+0.01)^81
A83: 82 | B83: ='Monthly Tracker'!F83 | C83: =SUM(B2:B83) | D83: =B83*(1+0.01)^82
A84: 83 | B84: ='Monthly Tracker'!F84 | C84: =SUM(B2:B84) | D84: =B84*(1+0.01)^83
A85: 84 | B85: ='Monthly Tracker'!F85 | C85: =SUM(B2:B85) | D85: =B85*(1+0.01)^84
A86: 85 | B86: ='Monthly Tracker'!F86 | C86: =SUM(B2:B86) | D86: =B86*(1+0.01)^85
A87: 86 | B87: ='Monthly Tracker'!F87 | C87: =SUM(B2:B87) | D87: =B87*(1+0.01)^86
A88: 87 | B88: ='Monthly Tracker'!F88 | C88: =SUM(B2:B88) | D88: =B88*(1+0.01)^87
A89: 88 | B89: ='Monthly Tracker'!F89 | C89: =SUM(B2:B89) | D89: =B89*(1+0.01)^88
A90: 89 | B90: ='Monthly Tracker'!F90 | C90: =SUM(B2:B90) | D90: =B90*(1+0.01)^89
A91: 90 | B91: ='Monthly Tracker'!F91 | C91: =SUM(B2:B91) | D91: =B91*(1+0.01)^90
A92: 91 | B92: ='Monthly Tracker'!F92 | C92: =SUM(B2:B92) | D92: =B92*(1+0.01)^91
A93: 92 | B93: ='Monthly Tracker'!F93 | C93: =SUM(B2:B93) | D93: =B93*(1+0.01)^92
A94: 93 | B94: ='Monthly Tracker'!F94 | C94: =SUM(B2:B94) | D94: =B94*(1+0.01)^93
A95: 94 | B95: ='Monthly Tracker'!F95 | C95: =SUM(B2:B95) | D95: =B95*(1+0.01)^94
A96: 95 | B96: ='Monthly Tracker'!F96 | C96: =SUM(B2:B96) | D96: =B96*(1+0.01)^95
A97: 96 | B97: ='Monthly Tracker'!F97 | C97: =SUM(B2:B97) | D97: =B97*(1+0.01)^96
A98: 97 | B98: ='Monthly Tracker'!F98 | C98: =SUM(B2:B98) | D98: =B98*(1+0.01)^97
A99: 98 | B99: ='Monthly Tracker'!F99 | C99: =SUM(B2:B99) | D99: =B99*(1+0.01)^98
A100: 99 | B100: ='Monthly Tracker'!F100 | C100: =SUM(B2:B100) | D100: =B100*(1+0.01)^99
...

Sheet Dashboard
A1: Financial Dashboard
A3: Total SIP Invested | B3: =SUM('SIP Growth'!C2:C200)
A4: SIP Value | B4: =MAX('SIP Growth'!D2:D200)
A5: Remaining Loan | B5: ='Loan Tracker'!G199
A6: Loan Free Status | B6: =IF(B5<=0,"Loan Closed 🎉","Active")

Sheet Alerts
A1: Month | B1: Alert
A2: Month 1 | B2: =IF('Monthly Tracker'!D2="","❌ EMI Missing","OK")
A3: Month 2 | B3: =IF('Monthly Tracker'!D3="","❌ EMI Missing","OK")
A4: Month 3 | B4: =IF('Monthly Tracker'!D4="","❌ EMI Missing","OK")
A5: Month 4 | B5: =IF('Monthly Tracker'!D5="","❌ EMI Missing","OK")
A6: Month 5 | B6: =IF('Monthly Tracker'!D6="","❌ EMI Missing","OK")
A7: Month 6 | B7: =IF('Monthly Tracker'!D7="","❌ EMI Missing","OK")
A8: Month 7 | B8: =IF('Monthly Tracker'!D8="","❌ EMI Missing","OK")
A9: Month 8 | B9: =IF('Monthly Tracker'!D9="","❌ EMI Missing","OK")
A10: Month 9 | B10: =IF('Monthly Tracker'!D10="","❌ EMI Missing","OK")
A11: Month 10 | B11: =IF('Monthly Tracker'!D11="","❌ EMI Missing","OK")
A12: Month 11 | B12: =IF('Monthly Tracker'!D12="","❌ EMI Missing","OK")
A13: Month 12 | B13: =IF('Monthly Tracker'!D13="","❌ EMI Missing","OK")
... A149: Month 148 | B149: =IF('Monthly Tracker'!D149="","❌ EMI Missing","OK")
